title,link,Description
Academic Search Complete,http://kdl.idm.oclc.org/login?url=https://widgets.ebscohost.com/prod/customerspecific/mel/auth.php?database=ebsco-a9h,"Covers a broad range of important areas of academic study, including anthropology, engineering, law, sciences and more."
Adult Core Skills from LearningExpress Library,http://kdl.idm.oclc.org/login?url=http://widgets.ebscohost.com/prod/customerspecific/mel/auth.php?database=lexacs,Practice for the U.S. Citizenship exam in English or Spanish. Build your math and reading skills. Includes eBook study help as well as an eBook guide to getting a green card. Create a free account to access tools to help you do well on these tests.
Agricola,http://kdl.idm.oclc.org/login?url=https://widgets.ebscohost.com/prod/customerspecific/mel/auth.php?database=ebsco-agr,"Agricola, (AGRICultural OnLine Access) is a bibliographic database produced by the National Agricultural Library. It consists of worldwide literature citations for journal articles, monographs, proceedings, theses, patents, translations, audiovisual materials, computer software, and technical reports pertaining to all aspects of agriculture and related fields."
Alt HealthWatch,http://kdl.idm.oclc.org/login?url=https://widgets.ebscohost.com/prod/customerspecific/mel/auth.php?database=ebsco-awh,"A full-text alternative health research database focused on complementary, holistic and integrated approaches to health care and wellness. It offers the latest information about the evolving practice of holistic medicine and therapies."
Ancestry Library Edition (in-branch only),https://ancestrylibrary.proquest.com,This resource is only available from within a library building.
Applied Science & Technology Source,http://kdl.idm.oclc.org/login?url=https://widgets.ebscohost.com/prod/customerspecific/mel/auth.php?database=ebsco-aci,"Offers a diverse array of full-text and indexed content covering the full spectrum of the applied sciences and computing disciplines — from acoustics to aeronautics, neural networks to nuclear engineering."
Art & Architecture Source,http://kdl.idm.oclc.org/login?url=https://widgets.ebscohost.com/prod/customerspecific/mel/auth.php?database=ebsco-asu,"Covers fine, decorative and commercial art, as well as architecture and architectural design. With strong international coverage, it offers hundreds of full-text art journals, magazines and books, plus detailed indexing and abstracts and thousands of images."
ASLdeafined,https://www.asldeafined.com/login/library/?org=kent,"American Sign Language (ASL) video lessons. The content is for anyone who wishes to learn ASL, regardless of age. It has been designed to instruct Deaf students, parents of Deaf children, and the community-at-large."
Associates Programs Source,http://kdl.idm.oclc.org/login?url=https://widgets.ebscohost.com/prod/customerspecific/mel/auth.php?database=ebsco-oih,"Full-text coverage for the subject areas most relevant to two-year college programs, including biotechnology, graphic arts, criminal justice and veterinary assisting."
AtoZdatabases,http://kdl.idm.oclc.org/login?url=http://widgets.ebscohost.com/prod/customerspecific/mel/auth.php?database=atoz,"AtoZdatabases is the premier job search, reference and mailing list database. It includes 30 million business and executive profiles and 240 million residents. Ideal for sales leads, mailing lists, market research, employment opportunities, finding friends and relatives and much more. Examples of what you can use AtoZ for include:"
Author Talks,https://libraryc.org/kdl,Live and recorded discussions with bestselling authors and thought leaders.
Auto Repair Source,http://kdl.idm.oclc.org/login?url=https://widgets.ebscohost.com/prod/customerspecific/mel/auth.php?database=autorespo,"Car troubles? Auto Repair Source provides the most accurate, authoritative and up-to-date service and repair information for thousands of domestic and imported vehicles. All content comes from the Original Equipment Manufacturers (OEM) and includes step-by-step repair information, diagrams, maintenance schedules, parts and labor estimates, service bulletins and recalls."
Biblioteca TumbleBook,http://kdl.idm.oclc.org/login?url=http://www.bibliotecatumble.com/auto_login.aspx?U=kentdl&P=libra&lang=es,"¡Una colección de libros parlantes y animadas, además de juegos, herramientas educativas y más!"
Biography Reference Center,http://kdl.idm.oclc.org/login?url=https://widgets.ebscohost.com/prod/customerspecific/mel/auth.php?database=ebscoprofile-brc,"Containing many of the top-ranked biographical reference collections and magazines, this database offers a comprehensive collection of full-text biographies and unique narrative biographies."
Britannica Fundamentals,http://kdl.idm.oclc.org/login?url=http://widgets.ebscohost.com/prod/customerspecific/mel/auth.php?database=eblz,"Activity-centered learning to explore, play, read, and build technology skills geared toward grades PreK-2. Letters, numbers, geography, shapes and much more are included."
Britannica School,http://kdl.idm.oclc.org/login?url=http://widgets.ebscohost.com/prod/customerspecific/mel/auth.php?database=eb,"Nonfiction content geared for K-12 students. Includes over 132,000 encyclopedia articles, 103,000 images, 7,500 multimedia elements, more than 27,000 eBooks and novels and essays. Tools include translation for 50+ languages and read-aloud functionality."
Business Book Summaries,http://kdl.idm.oclc.org/login?url=https://widgets.ebscohost.com/prod/customerspecific/mel/auth.php?database=ebscoprofile-bbs,"Provides concise yet comprehensive summaries of the best business books. With these summaries, professionals and students can keep up with the latest information in the business world and learn more effectively."
"Cadence newspaper, East Grand Rapids (1975-2008)",https://digmichnews.cmich.edu/,The East Grand RapidsCADENCEweekly newspaper is available in theDigital Michigan Newspapersdatabase.
Consumer Health Complete,http://kdl.idm.oclc.org/login?url=https://widgets.ebscohost.com/prod/customerspecific/mel/auth.php?database=ebscoprofile-chc,"Content covering all key areas of health and wellness, from mainstream medicine to the many perspectives of complementary and holistic medicine."
Consumer Reports,"http://kdl.idm.oclc.org/login?url=http://search.ebscohost.com/login.aspx?authtype=ip,uid&custid=s9117311&site=crcro&groupid=main","Get full access to all of the valuable content on ConsumerReports.org, including ratings and recommendations on thousands of products and services in categories such as appliances, cars, electronics and computers, home and garden, health and fitness, babies and kids, food, personal finance, and travel."
CultureGrams,http://kdl.idm.oclc.org/login?url=http://online.culturegrams.com,"Get a one-of-a-kind perspective on daily life and culture, including the background, customs, and lifestyles of the world's people. Individual reports cover 200+ countries, all 50 United States, and the Canadian Provinces."
CultureGrams: Kids Edition,http://kdl.idm.oclc.org/login?url=http://online.culturegrams.com/kids/index.php,"A collection of country reports that teaches upper elementary-aged children more about the world around them. Each report is an indispensable resource of up-to-date, engaging cultural information, complete with images, historical timeline, fun facts, and sections on history, population, ""life as a kid,"" and more."
Driving-Tests,https://kdl.driving-tests.org,"Start preparing for your driver's knowledge exam online! Driving-Tests is designed to help aspiring as well as more experienced drivers (teenagers, newcomers, renewal applicants or senior citizens). Tests can be accessed from any computer or mobile device. Includes official state driver's manuals, online practice tests for car, motorcycle and commercial driver's license (CDL), an exam simulator, and a DMV-related FAQ."
eBook Academic Collection,http://kdl.idm.oclc.org/login?url=https://widgets.ebscohost.com/prod/customerspecific/mel/auth.php?database=ebsco-e000xna,Academic content from 130 university presses and more than 475 academic publishers.
eBook Business Collection,http://kdl.idm.oclc.org/login?url=https://widgets.ebscohost.com/prod/customerspecific/mel/auth.php?database=ebsco-e020mna,"Encompasses a variety of business topics such as marketing, finance, supply chain management and entrepreneurship and also focusing on career growth, personal development, communication and networking."
eBook High School Collection,http://kdl.idm.oclc.org/login?url=https://widgets.ebscohost.com/prod/customerspecific/mel/auth.php?database=ebsco-e862xna,"The collection aligns with Common Core guidelines for grades 9-12 in English language arts and literacy, history/social studies, science and technical subjects."
eBook K-8 Collection,http://kdl.idm.oclc.org/login?url=https://widgets.ebscohost.com/prod/customerspecific/mel/auth.php?database=ebsco-e860xna,"This collection aligns with Common Core guidelines for grades K-8 in English language arts and literacy, history/social studies, science and technical subjects."
eBook Public Library Collection,http://kdl.idm.oclc.org/login?url=https://widgets.ebscohost.com/prod/customerspecific/mel/auth.php?database=ebsco-e700xna,"Includes general reference ebook titles in a variety of subjects and topics including social sciences, language and literature and science and technology. A substantial selection in the areas of self-help, health and fitness, games, crafts and hobbies, medical, cooking and religion. Also features recreation and leisure, geography, commerce, finance, the family, marriage, women, folklore, social and public welfare and home economics."
Education Source,http://kdl.idm.oclc.org/login?url=https://widgets.ebscohost.com/prod/customerspecific/mel/auth.php?database=ebsco-eue,"Scholarly research and information to meet the needs of education students, professionals, and policy makers. It covers all levels of education — from early childhood to higher education — as well as all educational specialties such as multilingual education, health education and testing."
Enciclopedia Estudiantil Hallazgos (World Book Online),http://kdl.idm.oclc.org/login?url=https://www.worldbookonline.com/eeh/home?subacct=18279,"¡El World Book Enciclopedia — en línea! Un universo de la información, A a Z."
Entrepreneurial Studies Source,http://kdl.idm.oclc.org/login?url=https://widgets.ebscohost.com/prod/customerspecific/mel/auth.php?database=ebsco-ent,"An essential database for business students and researchers, providing the latest insights on entrepreneurship and small businesses topics. It offers full-text business journals, magazines, reference books, case studies and company profiles."
Environment Complete,http://kdl.idm.oclc.org/login?url=https://widgets.ebscohost.com/prod/customerspecific/mel/auth.php?database=ebsco-eih,"Extensive coverage in the areas of agriculture, ecosystem ecology, energy and affiliated areas of study."
ERIC (Education Resources Information Center),http://kdl.idm.oclc.org/login?url=https://widgets.ebscohost.com/prod/customerspecific/mel/auth.php?database=ebsco-eric,"Sponsored by the Institute of Education Sciences of the U.S. Department of Education, this is an authoritative database of indexed and full-text education literature and resources."
Explora for Elementary Schools,"http://kdl.idm.oclc.org/login?url=http://search.ebscohost.com/login.aspx?authtype=ip,cpid&custid=s9117311&groupid=main&profile=ehk5","For elementary school libraries. Content from children’s magazines, easy-to-read encyclopedia entries, and images. Students can learn about animals, musicians, fitness, space exploration, and much more."
Explora for High School,"http://kdl.idm.oclc.org/login?url=http://search.ebscohost.com/login.aspx?authtype=ip,cpid&custid=s9117311&groupid=main&profile=src_ic","Provides hundreds of popular magazines and reference books for high school libraries. Covers subjects such as art, history, sports, and music. Includes thousands of biographies and primary source documents. Also includes photos, maps, and flags."
Explora for Middle School,"http://kdl.idm.oclc.org/login?url=http://search.ebscohost.com/login.aspx?authtype=ip,cpid&custid=s9117311&groupid=main&profile=explorams","Magazines and reference books for middle school students. Includes thousands of biographies and primary source documents. Subjects include history, current events, science, sports, and biographies. Also includes photos, maps, and flags."
Freegal Music+,https://kdl.freegalmusic.com,"FreegalMusic+ is a free music service which offers download or streaming access to more than?18 million songs including Sony Music’s catalog of legendary artists.?In total, the collection is comprised of 200 genres of music from over 100 countries."
Gale Business: DemographicsNow,http://kdl.idm.oclc.org/login?url=https://link.gale.com/apps/DNOW?u=lom_kentdl&id=access,Robust and highly-detailed demographic data that's ideal for gaining consumer and market insight as you consider opening a business; finding an untapped audience for your products; analyzing the shifts and needs of a given population and more. Quickly produce a variety of compiled reports to help you make informed and accurate decisions.
Gale eBooks,http://kdl.idm.oclc.org/login?url=https://infotrac.gale.com/itweb/lom_kentdl?db=GVRL,"Gale eBooks is a database of encyclopedias, almanacs, and specialized reference sources for multidisciplinary research. These reference materials once were accessible only in the library, but now you can access them online from the library or remotely 24/7."
Gale in Context: Biography,http://kdl.idm.oclc.org/login?url=https://link.gale.com/apps/BIC?u=lom_kentdl,"A single stop for biographies on notable figures in literature, science, history, government, business, art, gender and multicultural studies, religion, entertainment, popular culture, sports and much more. Includes full-text magazine and newspaper articles and photos."
Gale in Context: Opposing Viewpoints,http://kdl.idm.oclc.org/login?url=https://go.gale.com/ps/start.do?p=OVIC&u=lom_kentdl,"A one-stop source for information on hundreds of today's hottest social issues, featuring continuously updated viewpoint articles, topic overviews, full-text magazines, academic journals, news articles, primary source documents, statistics, images, videos, audio files and links to vetted websites organized into an engaging and user-friendly online experience."
Gale Legal Forms - Michigan,http://kdl.idm.oclc.org/login?url=https://link.gale.com/apps/TGLF?u=lom_kentdl,"Federal, state, business, personal, real estate and general forms covering hundreds of legal subjects and issues. Topics include: divorce, wills and estates, bankruptcy, power of attorney, name changes, incorporations and more.Please consult an attorney in your state for serious legal matters."
Grand Rapids Press,http://kdl.idm.oclc.org/login?url=https://infoweb.newsbank.com,"Daily newspaper serving all of West Michigan. Updated daily, it includes local news, obituaries, editorials, announcements, sports, real estate and more. Browse or search full text from 2000 to current."
Grand Rapids Press Historical Archives,http://kdl.idm.oclc.org/login?url=https://infoweb.newsbank.com,"Search people, places, organizations, events, historical topics and more fromThe Grand Rapids Press. This authoritative source for local information includes birth, marriage and death notices, and all photographs and advertising. Browse or search full text from 1893 to 1970."
Health Source: Consumer Edition,http://kdl.idm.oclc.org/login?url=https://widgets.ebscohost.com/prod/customerspecific/mel/auth.php?database=ebsco-hxh,This rich collection of consumer health information provides access to full-text consumer health magazines and reference books. It also includes searchable full text for current health pamphlets.
Health Source: Nursing/Academic Edition,http://kdl.idm.oclc.org/login?url=https://widgets.ebscohost.com/prod/customerspecific/mel/auth.php?database=ebsco-hch,"A trusted full-text database covering nursing and allied health topics, including pediatric nursing, critical care, mental health, nursing management, medical law and more."
History Reference Center,http://kdl.idm.oclc.org/login?url=https://widgets.ebscohost.com/prod/customerspecific/mel/auth.php?database=ebscoprofile-hrc,"Covering both U.S. and world history topics, History Reference Center is a full-text database featuring historical reference books, magazines, journals and thousands of primary source documents."
Hobbies & Crafts Source,http://kdl.idm.oclc.org/login?url=https://widgets.ebscohost.com/prod/customerspecific/mel/auth.php?database=ebscoprofile-hcrc,"This database offers detailed ""how-to"" instructions and creative ideas to meet the interests of virtually every hobby enthusiast. Full text is provided from leading hobby and craft magazines."
Home Improvement Source,http://kdl.idm.oclc.org/login?url=https://widgets.ebscohost.com/prod/customerspecific/mel/auth.php?database=ebscoprofile-hirc,"Through a collection of comprehensive full-text content, this database provides users with detailed, user-friendly “how-to” information covering a variety of home improvement and repair projects."
Hoopla,https://hoopladigital.com,"Borrow digital movies, music, audiobooks, ebooks, comics and TV shows to enjoy on your computer, tablet, or phone — and even your TV. With no waiting, titles can be streamed immediately or downloaded to phones or tablets for offline enjoyment later. Choose from hundreds of thousands of titles, with more being added daily."
Hoopla (Español),https://hoopladigital.com,"Hoopla tiene películas, música, programas de televisión,audiolibros, libros electrónicos y cómics, todo en formato digital."
Humanities Source,http://kdl.idm.oclc.org/login?url=https://widgets.ebscohost.com/prod/customerspecific/mel/auth.php?database=ebsco-hus,"Humanities Source is a valuable full-text database covering literary, scholarly and creative thought. It provides full text, indexing and abstracts for the most noted scholarly sources in the humanities."
iVOX: Books That Move,https://kdl.org/resource/ivox/redirect,"iVox is an interactive storybook app for children ages 4-8. Designed for little hands and big imaginations, iVox brings favorite stories to life with 3D characters and scenes that children can explore. Confident readers can practice their skills in a new and fun way, while emerging readers will be helped along the way with engaging narration."
Kanopy,https://kdl.kanopy.com/,"Find movies, documentaries, foreign films, classic cinema, independent films and educational videos that inspire, enrich and entertain. Enjoy an ad-free experience on your TV, mobile phones, tablets and online."
KDL Stump the Librarian Podcast,https://kdl.org/stump-the-librarian/,"Where your friendly neighborhood librarians put their research skills to the test answering questions from you, the listener! Join Jill and Liz every other Wednesday to learn new and exciting information. Think you have a question that can stump us? Visit www.kdl.org/stump to submit a question of your own!"
KDL Vibes: Local Music,https://vibes.kdl.org,"The mission of KDL Vibes is to provide a platform to support local artists and provide exposure to listeners in the community. West Michigan’s musical culture is diverse and always growing, but not always easy for everyone to access. KDL Vibes is here to help our patrons discover a wealth of today’s local music, support local artists, and support our music community as a whole."
LearningExpress Library,http://kdl.idm.oclc.org/login?url=http://widgets.ebscohost.com/prod/customerspecific/mel/auth.php?database=lex,"A completely interactive online learning platform providing instant access to a comprehensive collection of test preparation tools, skill-building materials, and career resources. Includes over 1,000 online practice tests and interactive skill-building tutorials to prepare for the GED, ACT, SAT, GRE, GMAT, LSAT, and MCAT tests, as well as AP exams and professional certification and licensing tests in a range of occupations."
Legal Information Source,http://kdl.idm.oclc.org/login?url=https://widgets.ebscohost.com/prod/customerspecific/mel/auth.php?database=ebscoprofile-lirc,"An online database designed to assist the general public in legal matters of all kinds. It includes exclusive full text for many top consumer legal reference books, as well as thousands of legal forms."
Legal Source,http://kdl.idm.oclc.org/login?url=https://widgets.ebscohost.com/prod/customerspecific/mel/auth.php?database=ebsco-lgs,"Providing indexing and full-text coverage of the most respected scholarly law journals, Legal Source is the authoritative database for current issues, studies, thoughts and trends of the legal world. It is an excellent resource for attorneys, educators, business people, law librarians, students, paralegals and others involved with the law."
Library & Information Science Source,http://kdl.idm.oclc.org/login?url=https://widgets.ebscohost.com/prod/customerspecific/mel/auth.php?database=ebsco-lls,The most complete resource for library and information science studies. It offers journals and periodicals that help librarians and researchers keep pace with the latest trends in the rapidly evolving field.
LinkedIn Learning,https://www.linkedin.com/learning-login/go/kentdistrictlibrary,"Choose from thousands of online courses to learn in-demand skills from real-world industry experts. Get started with your library card. When using the phone app, enter library IDkentdistrictlibrary(all lowercase, no spaces). Then enter your barcode and PIN."
LinkedIn Learning (Español),https://es.linkedin.com/learning-login/go/kentdistrictlibrary,"Cursos para todas las etapas de tu carrera. Instructores con experiencia en el mercado. En la aplicación movil, usakentdistrictlibrarypara conectar con la biblioteca."
Literary Reference Center,http://kdl.idm.oclc.org/login?url=https://widgets.ebscohost.com/prod/customerspecific/mel/auth.php?database=ebscoprofile-lrc,"This robust full-text database provides the most relevant information on thousands of authors and their works across literary disciplines and timeframes. It gives students, teachers and librarians a complete foundation of literary reference works to meet their research needs."
Little Pim,https://kdl.org/resource/little-pim/redirect,"Powered by Mango Languages, Little Pim is a fun and convenient way to introduce a child to a foreign language in a way they can understand and enjoy. Courses are available in nine foreign languages as well as English/ESL."
Lowell Ledger,https://archives.kdl.org,Weekly newspaper serving the city of Lowell and surrounding townships. Browse or search full text from 1870 to 2018.
Mango Languages,https://kdl.org/resource/mango-languages/redirect,"Mango is an online language learning system that teaches practical conversation skills for real communication. It's a fast, easy, and effective way to learn to speak a foreign language. Courses are offered for70 foreign languagesand ESL tailored for20 languages."
MAS Complete,http://kdl.idm.oclc.org/login?url=https://widgets.ebscohost.com/prod/customerspecific/mel/auth.php?database=ebsco-mat,"Designed specifically for high school students, MAS Complete is a full-text database providing hundreds of popular high school magazines and reference books. Covering subjects such art, history, sports and music, it also includes thousands of biographies and primary source documents, plus over a million photos, maps and flags."
MasterFILE Complete,http://kdl.idm.oclc.org/login?url=https://widgets.ebscohost.com/prod/customerspecific/mel/auth.php?database=ebsco-f6h,"The largest collection of popular full-text magazines, reference books and other highly-regarded sources from the world's leading publishers. Covering virtually every general interest subject area, it also includes an extensive collection of photos, maps and flags."
Michigan eLibrary (MeL),http://www.mel.org,"An anywhere, anytime library available free to all Michigan residents. Contains a variety of databases, recommended web links, the Michigana digital Michigan history collection, and online resources for educators that are tied to the state curriculum standards."
Michigan History Magazine,http://kdl.idm.oclc.org/login?url=https://widgets.ebscohost.com/prod/customerspecific/mel/auth.php?database=mihistory,"A popular history magazine geared toward professionals and enthusiasts alike, Michigan History offers a wide variety of subject matter, time frames, and perspectives while inspiring, educating, and entertaining its readers."
Middle Search Plus,http://kdl.idm.oclc.org/login?url=https://widgets.ebscohost.com/prod/customerspecific/mel/auth.php?database=ebsco-mih,"A full-text database providing popular middle school magazines and reference books. Covering subjects such as history, current events, science and sports, it also includes thousands of biographies and primary source documents, plus over a million photos, maps and flags."
MyHeritage,http://kdl.idm.oclc.org/login?url=http://widgets.ebscohost.com/prod/customerspecific/mel/auth.php?database=myheritage,"MyHeritage Library Edition is one of the largest, most internationally diverse genealogy databases of its kind. Access to billions of historical documents, millions of historical photos and other resources in thousands of databases that span the past five centuries."
New York Times,http://kdl.idm.oclc.org/login?url=https://go.gale.com/ps/start.do?p=SPJ.SP03&u=lom_kentdl,Search full-text articles fromThe New York Timesback to 1985.
NewsBank,http://kdl.idm.oclc.org/login?url=https://infoweb.newsbank.com,"Full text of major national news magazines. IncludesNewsweek,The New Yorker,The Atlanticand more."
Newspaper Source Plus,http://kdl.idm.oclc.org/login?url=https://widgets.ebscohost.com/prod/customerspecific/mel/auth.php?database=ebsco-n5h,"A full-text digital collection of the world's major news content. It includes millions of articles from newspapers, newswires and news magazines. In addition, it offers television and radio transcripts and ongoing daily updates from popular news sources."
NoveList K-8 Plus,"http://kdl.idm.oclc.org/login?url=http://search.ebscohost.com/login.aspx?authtype=ip,cpid&custid=s9117311&groupid=main&profile=novpk8","Find just the right book by subject, age, awards won, Lexile reading levels, Common Core standards, books made into movies, and much more. Read reviews, learn about the author and create your own reading wish list."
NoveList Plus,"http://kdl.idm.oclc.org/login?url=http://search.ebscohost.com/login.aspx?authtype=ip,cpid&custid=s9117311&profile=novplus","Don't know what to read? Start your journey here. Search by author, title, series, plots, or even books like the one you just finished. Browse lists of award winners, lists of genres, and lists based on age. Create and save lists of your own favorites. Find book discussion guides and more. In addition to fiction, includes suggestions for audiobooks and nonfiction."
Online Book Clubs,http://kdl.idm.oclc.org/login?url=http://kent-district.dailybookclubs.com/,"Get the first few chapters of a book emailed to you weekly. Every day, Monday through Friday, you will receive in your email a five-minute selection from a book in your selected genre. By the end of the week, you'll have read two to three chapters, enough to know if you “just-have-to” finish the book. Choose from 12 different genres, with new books featured each week."
OverDrive (and Libby app),https://kdl.overdrive.com/,"Borrow and read free ebooks, audiobooks and magazines from your library using your phone or tablet. It’s easy to get started ? all you need is a library card."
OverDrive y Libby (Español),https://kdl.overdrive.com/,"OverDriveofrece libros electrónicos, audiolibros en audio y revistas."
PebbleGo,http://kdl.idm.oclc.org/login?url=http://widgets.ebscohost.com/prod/customerspecific/mel/auth.php?database=pebblego,"Geared toward grades pre-k to 3rd grade, this early literacy and learning tool features animals (including dinosaurs) and social studies sections. Easy-to-navigate visual interface for emerging readers."
Peterson's Test Prep (formerly Testing and Education Reference Center),http://kdl.idm.oclc.org/login?url=https://link.gale.com/apps/TERC?u=lom_kentdl,Use this database to search thousands of college and graduate school entries. Identify scholarships that meet their financial needs. Take online practice tests and use test prep eBooks to obtain your education goals.
Poetry & Short Story Reference Center,http://kdl.idm.oclc.org/login?url=https://widgets.ebscohost.com/prod/customerspecific/mel/auth.php?database=ebscoprofile-prc,"Provides a historically rich collection of hundreds of thousands of classic and contemporary poems, as well as short stories, biographies and authoritative essays on such topics as poetic forms, movements and techniques — including contemporary content from the finest publishers."
Points of View Reference Source,http://kdl.idm.oclc.org/login?url=https://widgets.ebscohost.com/prod/customerspecific/mel/auth.php?database=ebscoprofile-pov,"Presents multiple sides of over 400 issues. Helps students assess and develop persuasive arguments and essays, better understand controversial issues, and develop analytical thinking skills."
Political Science Complete,http://kdl.idm.oclc.org/login?url=https://widgets.ebscohost.com/prod/customerspecific/mel/auth.php?database=ebsco-poh,"Covers political topics with a worldwide focus, reflecting the globalization of contemporary political discourse. Geared toward students, researchers and government institutions."
Primary Search,http://kdl.idm.oclc.org/login?url=https://widgets.ebscohost.com/prod/customerspecific/mel/auth.php?database=ebsco-prh,"Popular children’s magazines, easy-to-read encyclopedic entries and a vast image collection. Students can learn about a variety of topics, including endangered species, famous musicians, fitness and space exploration."
Professional Development Collection,http://kdl.idm.oclc.org/login?url=https://widgets.ebscohost.com/prod/customerspecific/mel/auth.php?database=ebsco-tfh,"A highly specialized database of full-text electronic information especially for educators, professional librarians and education researchers."
Psychology and Behavioral Sciences Collection,http://kdl.idm.oclc.org/login?url=https://widgets.ebscohost.com/prod/customerspecific/mel/auth.php?database=ebsco-pbh,"An essential tool for psychologists, counselors, researchers and students, providing extensive coverage for a broad range of subjects in the fields of psychology, behavioral sciences and related disciplines."
Read It!,http://kdl.idm.oclc.org/login?url=https://widgets.ebscohost.com/prod/customerspecific/mel/auth.php?database=ebscoprofile-ell,"Designed for middle and high school students and adults who have a basic foundation in English grammar and reading but need adapted reading material for a variety of subjects. It offers resources to help build background knowledge, conduct research and improve study skills."
Recursos Para Hispanohablantes from LearningExpress Library,http://kdl.idm.oclc.org/login?url=http://widgets.ebscohost.com/prod/customerspecific/mel/auth.php?database=lexrph,"Herramientas de aprendizaje, carrera y ciudadanía en español."
ReferenceUSA now Data Axle Reference Solutions,http://kdl.idm.oclc.org/login?url=https://www.referenceusa.com/,"Extensive corporate and residential contact information. Search by name, location, product, phone number and more."
Referencia Latina,http://kdl.idm.oclc.org/login?url=https://widgets.ebscohost.com/prod/customerspecific/mel/auth.php?database=ebscoprofile-slrc,Referencia Latina ofrece artículos de revistas en español de los Estados Unidos y el mundo.
Rosetta Stone,https://kdl.org/resource/rosetta-stone/redirect,"Rosetta Stone offers libraries and their users the proven immersion method that more than 20,000 schools and 9,000 businesses have trusted for over the last 20+ years. The award-winning interactive approach has been used by millions of learners around the world and now is accessible in the library or anywhere, anytime.  Create a Rosetta Stone account with your email address to get started."
Rosetta Stone (Español),http://kdl.idm.oclc.org/login?url=https://secure.rosettastone.com/lp/es/ebsco/?custid=s9117311,"Aprende más de 24 idiomas. Puedes estudiar en tu celular, tableta o computadora. El programa es interactivo y ofrece tutores por internet."
Scholastic Teachables,https://kdl.org/resource/scholastic-teachables/redirect,"Scholastic Teachables offers teaching resources for every subject such as lesson plans, mini-books and activity sheets to help educators plan for the school year. Teachables content extends from Pre-K to 6th grade."
Science Reference Source,http://kdl.idm.oclc.org/login?url=https://widgets.ebscohost.com/prod/customerspecific/mel/auth.php?database=ebscoprofile-scirc,"Contains material from science encyclopedias, reference books, periodicals, and other sources. More than 4,000 full text, full-length biographies. Includes: biology, chemistry, earth & space science, the environment, health & medicine, history of science, life science, physics, science & society, science as inquiry, and wildlife."
Small Business Source,http://kdl.idm.oclc.org/login?url=https://widgets.ebscohost.com/prod/customerspecific/mel/auth.php?database=ebscoprofile-sbrc,"Top consumer small business reference books, as well as tools to address many small business topics. It includes business videos, a help and advice section and details on how to create business plans."
Small Engine Repair Source,http://kdl.idm.oclc.org/login?url=https://widgets.ebscohost.com/prod/customerspecific/mel/auth.php?database=ebscoprofile-serrc,"Provides detailed yet user-friendly repair guides for all manner of small engines. All of the content is organized in a powerful, easy-to-use manner so that users can quickly find the information they need."
Suburban Life Archive,https://archives.kdl.org,Weekly newspaper serving Cascade Township and the surrounding area.
TumbleBooks,http://kdl.idm.oclc.org/login?url=http://www.tumblebooklibrary.com/autologin.aspx?userid=63R7jKR%2fxMJluJmuSV0MVw%3d%3d,"A collection of animated, talking picture books, as well as games, educational tools and more."
Value Line,https://kdl.idm.oclc.org/login?url=https://research.valueline.com/secure/research,"Search investment-related data, news, and analysis from Value Line. Covers 3,500 stocks across 100 industries."
Vocational Studies Premier,http://kdl.idm.oclc.org/login?url=https://widgets.ebscohost.com/prod/customerspecific/mel/auth.php?database=ebsco-vsh,"Designed specifically for the research needs of two-year colleges, this full-text resource offers scholarly content most relevant to vocational programs."
What's Next™: Books In Series Database,http://ww2.kdl.org/libcat/whatsnext.asp,Search by book or series title or author to find the next book in a series.
World Book Early Learning,http://kdl.idm.oclc.org/login?url=https://www.worldbookonline.com/ewol/home?subacct=18279,"A wealth of resources to help preschoolers and children in the early grades grasp critical early childhood themes. Strengthen reading foundations with stories, activities and videos. Explore the Know It encyclopedia designed especially for early readers. Also includes materials for educators."
World Book Kids,http://kdl.idm.oclc.org/login?url=https://www.worldbookonline.com/kids/home?subacct=18279,"Online version of the popularWorld Book Encyclopedia. Features easy-to-read articles and a wealth of engaging multimedia, games, science projects, interactive tools, and activities."
